실험,피처수,OOF_MAE,개선
Baseline (ordinal),284,8.889931796187277,0.0
A: one-hot,287,8.90627722071612,-0.016345424528843466
A+B: +비율피처,293,8.891028538615783,-0.0010967424285066585
A+B+D: +TargetEnc,295,8.923465948130193,-0.033534151942916424
A+B+D+C: +교호작용,318,8.93877218073723,-0.048840384549952987
