모델,OOF_MAE,가중치
LGBM,8.883607407247911,0.6080385122835601
CatBoost,8.912533624765933,0.35430141587866065
XGBoost,9.371256791727633,0.03766007183777937
균등앙상블,8.91926453951165,
최적앙상블,8.867389634641532,
