변환,OOF_MAE,OOF_std,stretch비,MAE_after_stretch,scale
log1p,8.883607407247911,12.949195585460838,2.1122022650048824,13.2299252494269,2.1122022650048824
sqrt,8.895559766460124,12.958865671209,2.110626110307201,13.282869221412156,2.110626110307201
identity (no transform),8.908862616146669,13.124921382993026,2.0839225963917483,13.24223508910051,2.0839225963917483
